"p_val"	"avg_logFC"	"pct.1"	"pct.2"	"p_val_adj"	"cluster"	"gene"
"1"	1.51162149805768e-211	0.509925568871386	0.955	0.872	7.55810749028841e-208	"0"	"ENSDNOG00000031516"
"2"	1.0075544692811e-195	0.43733398517142	0.629	0.454	5.03777234640549e-192	"0"	"ENSDNOG00000002864"
"3"	3.49301062760488e-171	3.75871360748331	0.675	0.505	1.74650531380244e-167	"0"	"ENSDNOG00000006106"
"4"	2.14676161527244e-166	7.97610493945395	0.666	0.494	1.07338080763622e-162	"0"	"ENSDNOG00000035836"
"5"	5.43459405247917e-165	0.487240203859729	0.646	0.474	2.71729702623959e-161	"0"	"ENSDNOG00000041692"
"6"	5.89088941383891e-165	0.350023495404481	0.625	0.454	2.94544470691945e-161	"0"	"ENSDNOG00000007075"
"7"	7.32363110274758e-133	0.897559256998601	0.561	0.397	3.66181555137379e-129	"0"	"ENSDNOG00000048366"
"8"	1.44638481970033e-130	5.06822808225586	0.627	0.471	7.23192409850164e-127	"0"	"ENSDNOG00000040589"
"9"	2.24340671314297e-97	0.253508228457468	0.742	0.618	1.12170335657149e-93	"0"	"ENSDNOG00000040880"
"10"	1.04281883045535e-93	0.303848457227445	0.475	0.345	5.21409415227675e-90	"0"	"ENSDNOG00000031789"
"11"	1.35394695860178e-90	0.290440792716393	0.896	0.809	6.7697347930089e-87	"0"	"ENSDNOG00000049169"
"12"	1.87762492497982e-89	0.623830173138945	0.782	0.649	9.3881246248991e-86	"0"	"ENSDNOG00000049325"
"13"	1.48699132327974e-82	2.24699470424805	0.763	0.631	7.43495661639872e-79	"0"	"ENSDNOG00000042948"
"14"	6.58419125645932e-78	0.350001181409906	0.723	0.578	3.29209562822966e-74	"0"	"ENSDNOG00000034943"
"15"	6.97710301247707e-78	4.29708241199815	0.361	0.236	3.48855150623853e-74	"0"	"ENSDNOG00000037382"
"16"	3.303061767696e-76	0.276586758368512	0.725	0.583	1.651530883848e-72	"0"	"ENSDNOG00000047826"
"17"	1.10083404769992e-74	0.403390499883733	0.758	0.61	5.50417023849958e-71	"0"	"ENSDNOG00000036956"
"18"	7.786792304412e-62	0.377428418236592	0.752	0.611	3.893396152206e-58	"0"	"ENSDNOG00000048538"
"19"	1.26883309531219e-60	0.352061549566345	0.731	0.596	6.34416547656095e-57	"0"	"ENSDNOG00000018269"
"20"	9.84188485134596e-60	0.272290240596427	0.778	0.66	4.92094242567298e-56	"0"	"ENSDNOG00000046404"
"21"	1.2554562223648e-59	0.261878422457248	0.905	0.846	6.27728111182399e-56	"0"	"ENSDNOG00000046042"
"22"	2.91087662089328e-58	5.0975581254255	0.729	0.617	1.45543831044664e-54	"0"	"ENSDNOG00000034951"
"23"	4.26175410114838e-58	0.310968401560714	0.886	0.803	2.13087705057419e-54	"0"	"ENSDNOG00000019230"
"24"	1.75951624934366e-53	0.29676036315095	0.964	0.929	8.79758124671831e-50	"0"	"ENSDNOG00000038555"
"25"	1.19045365404767e-45	0.263996390265169	0.669	0.536	5.95226827023836e-42	"0"	"ENSDNOG00000042290"
"26"	1.47328562950726e-44	0.60891459385086	0.341	0.274	7.3664281475363e-41	"0"	"ENSDNOG00000042103"
"27"	2.06049184241047e-40	0.329537477224823	0.503	0.383	1.03024592120524e-36	"0"	"ENSDNOG00000051663"
"28"	1.50124124417233e-38	4.86478050081043	0.377	0.269	7.50620622086163e-35	"0"	"ENSDNOG00000025252"
"29"	2.66044605953207e-38	0.519891219061195	0.554	0.437	1.33022302976603e-34	"0"	"ENSDNOG00000025188"
"30"	6.62145468544808e-37	1.8437849431323	0.863	0.785	3.31072734272404e-33	"0"	"ENSDNOG00000004237"
"31"	6.36222129993846e-36	0.321059595766456	0.765	0.649	3.18111064996923e-32	"0"	"ENSDNOG00000046032"
"32"	6.38907268865778e-35	0.284942063519605	0.882	0.812	3.19453634432889e-31	"0"	"ENSDNOG00000033443"
"33"	7.83639733066094e-35	0.451876963742489	0.841	0.769	3.91819866533047e-31	"0"	"ENSDNOG00000039572"
"34"	3.87597883667406e-28	0.951517912605451	0.401	0.257	1.93798941833703e-24	"0"	"ENSDNOG00000044236"
"35"	7.88659976682965e-28	7.71269055602385	0.414	0.404	3.94329988341482e-24	"0"	"ENSDNOG00000025323"
"36"	1.19052863467423e-27	3.06095514235481	0.653	0.57	5.95264317337113e-24	"0"	"ENSDNOG00000030813"
"37"	5.64248952337889e-26	0.299471501718459	0.779	0.681	2.82124476168944e-22	"0"	"ENSDNOG00000036172"
"38"	1.99640017088662e-25	13.8884490183682	0.435	0.316	9.9820008544331e-22	"0"	"ENSDNOG00000032097"
"39"	1.89844896287368e-23	0.779111336980801	0.769	0.66	9.49224481436841e-20	"0"	"ENSDNOG00000042636"
"40"	2.20122652992346e-21	3.94892284888725	0.619	0.516	1.10061326496173e-17	"0"	"ENSDNOG00000041090"
"41"	1.88297308868685e-20	0.262346024990037	0.561	0.481	9.41486544343423e-17	"0"	"ENSDNOG00000044231"
"42"	4.65998025278506e-20	0.597100411149058	0.669	0.575	2.32999012639253e-16	"0"	"ENSDNOG00000042660"
"43"	3.53283575170563e-19	0.477086875786768	0.513	0.415	1.76641787585282e-15	"0"	"ENSDNOG00000041454"
"44"	1.42775012880331e-18	0.294875281651721	0.528	0.45	7.13875064401657e-15	"0"	"ENSDNOG00000037681"
"45"	5.00021491002866e-17	0.672268709296786	0.298	0.152	2.50010745501433e-13	"0"	"ENSDNOG00000048341"
"46"	1.45030320141481e-15	0.485506957967251	0.42	0.31	7.25151600707407e-12	"0"	"ENSDNOG00000046896"
"47"	1.8937871380882e-15	0.988726352564519	0.423	0.317	9.46893569044101e-12	"0"	"ENSDNOG00000048359"
"48"	1.97169820283092e-15	1.44497386617933	0.399	0.298	9.85849101415462e-12	"0"	"ENSDNOG00000000377"
"49"	3.27932232870394e-15	0.469633938442012	0.511	0.424	1.63966116435197e-11	"0"	"ENSDNOG00000046532"
"50"	6.06941979362226e-14	0.306383703168543	0.774	0.72	3.03470989681113e-10	"0"	"ENSDNOG00000032905"
"51"	1.24801586855504e-11	0.374238994602458	0.327	0.259	6.24007934277518e-08	"0"	"ENSDNOG00000005710"
"52"	2.2642597755398e-11	5.09616557300098	0.463	0.365	1.1321298877699e-07	"0"	"ENSDNOG00000030654"
"53"	2.99460427961283e-11	0.470772667224553	0.396	0.289	1.49730213980642e-07	"0"	"ENSDNOG00000032383"
"54"	7.56913331562348e-11	0.443171181430912	0.765	0.668	3.78456665781174e-07	"0"	"ENSDNOG00000002614"
"55"	7.27313269095906e-10	0.364267806411762	0.277	0.205	3.63656634547953e-06	"0"	"ENSDNOG00000038173"
"56"	1.76952989543834e-09	13.8295592061378	0.342	0.217	8.84764947719171e-06	"0"	"ENSDNOG00000046116"
"57"	6.17827008254172e-09	1.80833431350759	0.49	0.413	3.08913504127086e-05	"0"	"ENSDNOG00000036402"
"58"	2.41493996296377e-08	1.48965779535971	0.395	0.304	0.000120746998148189	"0"	"ENSDNOG00000013684"
"59"	7.37819412858262e-08	15.5395812007171	0.327	0.259	0.000368909706429131	"0"	"ENSDNOG00000037551"
"60"	2.05182279099743e-07	2.42869939957732	0.48	0.392	0.00102591139549871	"0"	"ENSDNOG00000008114"
"61"	3.51488833451432e-07	0.509907911119817	0.352	0.258	0.00175744416725716	"0"	"ENSDNOG00000014741"
"62"	3.78869913128186e-07	4.70988707116515	0.402	0.358	0.00189434956564093	"0"	"ENSDNOG00000007956"
"63"	4.98940998801671e-07	1.05446009405575	0.292	0.22	0.00249470499400835	"0"	"ENSDNOG00000010476"
"64"	1.75364240846498e-06	2.90956606444076	0.509	0.433	0.00876821204232491	"0"	"ENSDNOG00000031098"
"65"	1.88663269821002e-06	3.26350174698838	0.256	0.203	0.00943316349105012	"0"	"ENSDNOG00000039988"
"66"	2.94193437997112e-06	0.371584951206369	0.392	0.292	0.0147096718998556	"0"	"ENSDNOG00000015065"
"67"	9.07438019792925e-06	11.3981242500612	0.256	0.196	0.0453719009896463	"0"	"ENSDNOG00000009972"
"68"	1.11656667054164e-05	0.266514698720885	0.526	0.475	0.0558283335270819	"0"	"ENSDNOG00000016210"
"69"	3.64457462483301e-05	0.719439558403282	0.566	0.536	0.18222873124165	"0"	"ENSDNOG00000008161"
"70"	8.74712164903061e-05	9.30423014182344	0.255	0.177	0.437356082451531	"0"	"ENSDNOG00000007089"
"71"	0.000155973041390541	11.1358370279717	0.57	0.509	0.779865206952707	"0"	"ENSDNOG00000043276"
"72"	0.000421030685689009	5.58548939233675	0.427	0.343	1	"0"	"ENSDNOG00000032247"
"73"	0.000459041941829912	0.274223435497475	0.28	0.201	1	"0"	"ENSDNOG00000006568"
"74"	0.00180856617217602	12.4414442147387	0.332	0.302	1	"0"	"ENSDNOG00000040141"
"75"	0.00224638214941857	0.444026542742535	0.26	0.173	1	"0"	"ENSDNOG00000014699"
"76"	0.00971254381591191	1.49521342293714	0.713	0.705	1	"0"	"ENSDNOG00000040677"
"77"	0.0184486878648547	1.23991949609174	0.347	0.262	1	"0"	"ENSDNOG00000040115"
"78"	0.0278231885024775	1.28656615301024	0.426	0.364	1	"0"	"ENSDNOG00000046801"
"79"	0.0506321399285201	0.267622681292438	0.675	0.627	1	"0"	"ENSDNOG00000005279"
"80"	0.0587851231153532	0.273589438683599	0.552	0.518	1	"0"	"ENSDNOG00000019529"
"81"	0.122985747440967	0.581733391923367	0.518	0.469	1	"0"	"ENSDNOG00000015763"
"82"	0.206208289018803	0.850078366199462	0.324	0.236	1	"0"	"ENSDNOG00000037466"
"83"	0.304040939445255	4.80330146556039	0.253	0.139	1	"0"	"ENSDNOG00000044012"
"84"	0.341517551694495	0.822702574992462	0.417	0.34	1	"0"	"ENSDNOG00000003146"
"85"	0.408998417907592	0.257081934151641	0.31	0.218	1	"0"	"ENSDNOG00000043236"
"86"	0.44728736397719	0.369524972419907	0.494	0.448	1	"0"	"ENSDNOG00000045722"
"87"	0.461211579522361	30.1814024294875	0.319	0.224	1	"0"	"ENSDNOG00000000361"
"88"	0.46411114941559	0.513707155676308	0.261	0.16	1	"0"	"ENSDNOG00000003584"
"89"	0.619141733316595	0.308633154429144	0.299	0.217	1	"0"	"ENSDNOG00000038571"
"90"	0.683392042689776	0.796025029516618	0.28	0.242	1	"0"	"ENSDNOG00000035325"
"91"	5.87265282082694e-237	1.03949380471792	0.159	0.483	2.93632641041347e-233	"1"	"ENSDNOG00000011488"
"92"	4.31672420970398e-228	0.704513965721997	0.136	0.414	2.15836210485199e-224	"1"	"ENSDNOG00000049762"
"93"	1.03738388435334e-192	0.32452448576149	0.342	0.66	5.18691942176668e-189	"1"	"ENSDNOG00000043741"
"94"	1.54140005050949e-179	0.680239721344749	0.141	0.394	7.70700025254746e-176	"1"	"ENSDNOG00000039274"
"95"	6.08000024576822e-128	0.260582201588499	0.342	0.583	3.04000012288411e-124	"1"	"ENSDNOG00000041152"
"96"	7.76963728169238e-128	0.501043544190164	0.541	0.458	3.88481864084619e-124	"1"	"ENSDNOG00000030607"
"97"	1.01832102128065e-127	5.11898230257133	0.227	0.511	5.09160510640325e-124	"1"	"ENSDNOG00000037283"
"98"	1.73279281896206e-108	0.356345281877706	0.338	0.58	8.66396409481032e-105	"1"	"ENSDNOG00000032425"
"99"	6.20784796761546e-82	6.53151680116581	0.093	0.316	3.10392398380773e-78	"1"	"ENSDNOG00000004143"
"100"	2.30021067735754e-74	0.263570386652031	0.466	0.44	1.15010533867877e-70	"1"	"ENSDNOG00000048864"
"101"	2.31279231408873e-59	0.310271744283719	0.228	0.419	1.15639615704436e-55	"1"	"ENSDNOG00000031789"
"102"	1.61762069586351e-54	0.510609116311094	0.528	0.504	8.08810347931754e-51	"1"	"ENSDNOG00000035479"
"103"	5.06184999619339e-49	0.268818947965912	0.494	0.479	2.53092499809669e-45	"1"	"ENSDNOG00000037681"
"104"	2.209892563731e-44	0.281819360072082	0.813	0.83	1.1049462818655e-40	"1"	"ENSDNOG00000018024"
"105"	3.78358380923882e-42	0.451887853168709	0.245	0.449	1.89179190461941e-38	"1"	"ENSDNOG00000018729"
"106"	8.04771677028242e-42	0.508935672564395	0.544	0.568	4.02385838514121e-38	"1"	"ENSDNOG00000025512"
"107"	2.25513275110563e-41	0.422820235291013	0.763	0.777	1.12756637555281e-37	"1"	"ENSDNOG00000043957"
"108"	3.9307295753196e-40	0.781849319189512	0.197	0.267	1.9653647876598e-36	"1"	"ENSDNOG00000024519"
"109"	2.14116485094327e-37	0.284170761178708	0.473	0.498	1.07058242547164e-33	"1"	"ENSDNOG00000040814"
"110"	1.58187808336172e-34	1.6788258609671	0.098	0.31	7.9093904168086e-31	"1"	"ENSDNOG00000015565"
"111"	1.22846730911576e-33	0.32938243144138	0.868	0.891	6.14233654557879e-30	"1"	"ENSDNOG00000032671"
"112"	1.98091716848163e-32	0.383178801299419	0.295	0.494	9.90458584240816e-29	"1"	"ENSDNOG00000043891"
"113"	4.5826124784571e-30	0.666477080216354	0.631	0.703	2.29130623922855e-26	"1"	"ENSDNOG00000046032"
"114"	5.38018871891413e-30	1.52853958999419	0.171	0.369	2.69009435945707e-26	"1"	"ENSDNOG00000015809"
"115"	7.24682998476491e-30	0.333251630868556	0.874	0.903	3.62341499238246e-26	"1"	"ENSDNOG00000038381"
"116"	2.83622364459772e-21	0.492562842313184	0.634	0.716	1.41811182229886e-17	"1"	"ENSDNOG00000019896"
"117"	2.11514415955576e-20	0.254099708717231	0.368	0.547	1.05757207977788e-16	"1"	"ENSDNOG00000019443"
"118"	2.14412973474257e-20	0.271054900316981	0.157	0.355	1.07206486737128e-16	"1"	"ENSDNOG00000032383"
"119"	5.78200387383759e-20	0.442135782787164	0.398	0.578	2.8910019369188e-16	"1"	"ENSDNOG00000037047"
"120"	3.97680877157696e-19	0.45487707930546	0.372	0.542	1.98840438578848e-15	"1"	"ENSDNOG00000007075"
"121"	4.27834277730314e-17	0.411302575974848	0.221	0.316	2.13917138865157e-13	"1"	"ENSDNOG00000000371"
"122"	7.56054330762587e-17	0.558977374110936	0.362	0.529	3.78027165381294e-13	"1"	"ENSDNOG00000045388"
"123"	2.02135257904987e-15	0.543171327385401	0.149	0.268	1.01067628952494e-11	"1"	"ENSDNOG00000039872"
"124"	2.26056076426766e-15	0.583171048873449	0.104	0.26	1.13028038213383e-11	"1"	"ENSDNOG00000008826"
"125"	3.25432046202234e-14	2.66546625041678	0.327	0.396	1.62716023101117e-10	"1"	"ENSDNOG00000030820"
"126"	4.21818476318816e-13	0.257272309673018	0.459	0.619	2.10909238159408e-09	"1"	"ENSDNOG00000047566"
"127"	6.89923064193464e-13	0.272757161055538	0.447	0.608	3.44961532096732e-09	"1"	"ENSDNOG00000044550"
"128"	2.45866575786733e-12	0.291476412000245	0.42	0.591	1.22933287893367e-08	"1"	"ENSDNOG00000031036"
"129"	3.6371448861242e-12	0.538491468704621	0.614	0.702	1.8185724430621e-08	"1"	"ENSDNOG00000033138"
"130"	1.0903173456036e-11	0.326818824776777	0.701	0.79	5.45158672801799e-08	"1"	"ENSDNOG00000039611"
"131"	1.95281621121225e-11	0.285662101555415	0.475	0.637	9.76408105606126e-08	"1"	"ENSDNOG00000046252"
"132"	8.22699401234804e-11	0.395801198221483	0.712	0.791	4.11349700617402e-07	"1"	"ENSDNOG00000033767"
"133"	1.57258452309443e-10	0.424409396197535	0.388	0.463	7.86292261547213e-07	"1"	"ENSDNOG00000034860"
"134"	9.60918584798763e-10	0.469576236329159	0.603	0.698	4.80459292399381e-06	"1"	"ENSDNOG00000047673"
"135"	9.69201065101971e-09	0.302992330689856	0.462	0.633	4.84600532550985e-05	"1"	"ENSDNOG00000039749"
"136"	1.22746108171297e-08	0.347404435053946	0.26	0.42	6.13730540856486e-05	"1"	"ENSDNOG00000032222"
"137"	1.82092852732401e-08	0.318465010144105	0.506	0.577	9.10464263662007e-05	"1"	"ENSDNOG00000041462"
"138"	2.56272265577713e-08	0.264298232760134	0.488	0.636	0.000128136132788857	"1"	"ENSDNOG00000037374"
"139"	3.46853552851064e-08	0.292368657251206	0.667	0.754	0.000173426776425532	"1"	"ENSDNOG00000034363"
"140"	4.08442587009818e-08	0.269636382763969	0.568	0.688	0.000204221293504909	"1"	"ENSDNOG00000039116"
"141"	4.72348789194758e-08	0.317752840559984	0.515	0.599	0.000236174394597379	"1"	"ENSDNOG00000019028"
"142"	1.03216381923977e-07	0.651715573302568	0.456	0.61	0.000516081909619883	"1"	"ENSDNOG00000049803"
"143"	3.89526200378967e-07	10.2030125954537	0.122	0.255	0.00194763100189483	"1"	"ENSDNOG00000008629"
"144"	2.5513165321209e-06	0.399277646410846	0.62	0.713	0.0127565826606045	"1"	"ENSDNOG00000036598"
"145"	5.59821313133602e-06	0.37361050654965	0.641	0.73	0.0279910656566801	"1"	"ENSDNOG00000036172"
"146"	8.70759672701663e-06	1.40522626991941	0.132	0.265	0.0435379836350831	"1"	"ENSDNOG00000002017"
"147"	9.66708801865233e-06	0.254251520126574	0.62	0.689	0.0483354400932616	"1"	"ENSDNOG00000005673"
"148"	1.16440409465604e-05	0.690041130280194	0.562	0.685	0.0582202047328021	"1"	"ENSDNOG00000018894"
"149"	1.2043720592892e-05	0.387361550193215	0.307	0.382	0.0602186029644598	"1"	"ENSDNOG00000048404"
"150"	1.23581518056892e-05	6.09800814577171	0.164	0.33	0.0617907590284459	"1"	"ENSDNOG00000018203"
"151"	1.51214409153852e-05	0.306971449885363	0.576	0.658	0.0756072045769262	"1"	"ENSDNOG00000004045"
"152"	2.19428020647905e-05	0.277664021379561	0.584	0.67	0.109714010323952	"1"	"ENSDNOG00000043562"
"153"	3.07408084375801e-05	0.717255360248836	0.559	0.681	0.1537040421879	"1"	"ENSDNOG00000048538"
"154"	5.86092897847193e-05	0.642425956275432	0.239	0.398	0.293046448923597	"1"	"ENSDNOG00000031724"
"155"	6.74725000805291e-05	1.59775522219273	0.195	0.35	0.337362500402646	"1"	"ENSDNOG00000015065"
"156"	0.000134350554045798	0.314757729841237	0.448	0.597	0.671752770228991	"1"	"ENSDNOG00000034707"
"157"	0.000135802689170677	0.265335825663636	0.763	0.846	0.679013445853386	"1"	"ENSDNOG00000019230"
"158"	0.000235829190302	0.387114121669837	0.535	0.654	1	"1"	"ENSDNOG00000030671"
"159"	0.000297019498766132	0.303402707174211	0.643	0.752	1	"1"	"ENSDNOG00000049724"
"160"	0.00030070585214414	0.483021669691282	0.562	0.679	1	"1"	"ENSDNOG00000052098"
"161"	0.000515427179975407	0.676102394781008	0.186	0.352	1	"1"	"ENSDNOG00000048664"
"162"	0.00057621619051059	0.317958983591765	0.304	0.442	1	"1"	"ENSDNOG00000014307"
"163"	0.00145423232793667	0.266808436996706	0.608	0.697	1	"1"	"ENSDNOG00000000347"
"164"	0.00263445214640583	0.431928398321385	0.491	0.641	1	"1"	"ENSDNOG00000033465"
"165"	0.00348092616970605	0.297043330166304	0.424	0.557	1	"1"	"ENSDNOG00000018150"
"166"	0.00396559651490914	0.362257908925433	0.435	0.531	1	"1"	"ENSDNOG00000039053"
"167"	0.00484354211700372	0.465692290519675	0.545	0.664	1	"1"	"ENSDNOG00000018269"
"168"	0.00658642316627374	0.389819705255864	0.532	0.642	1	"1"	"ENSDNOG00000031609"
"169"	0.00662508702598547	0.32342479172059	0.539	0.684	1	"1"	"ENSDNOG00000018450"
"170"	0.017830148721576	0.732808852290421	0.551	0.684	1	"1"	"ENSDNOG00000036956"
"171"	0.0233616972527381	0.874910523522288	0.483	0.629	1	"1"	"ENSDNOG00000048965"
"172"	0.030172805187905	0.84406456004993	0.539	0.664	1	"1"	"ENSDNOG00000038062"
"173"	0.0647872861020583	0.258466143672321	0.532	0.667	1	"1"	"ENSDNOG00000030686"
"174"	0.0851107985225064	0.443472394336117	0.493	0.636	1	"1"	"ENSDNOG00000052916"
"175"	0.12504946875558	0.288432000298433	0.605	0.735	1	"1"	"ENSDNOG00000038302"
"176"	0.226381775511372	0.270914331355392	0.603	0.721	1	"1"	"ENSDNOG00000015061"
"177"	0.465111166242533	0.386552384643364	0.451	0.577	1	"1"	"ENSDNOG00000030913"
"178"	0.47305555373562	0.352958730044002	0.565	0.69	1	"1"	"ENSDNOG00000045345"
"179"	0.487589337247946	0.253472352642146	0.502	0.631	1	"1"	"ENSDNOG00000031629"
"180"	0.64403622138625	0.915002589673653	0.078	0.262	1	"1"	"ENSDNOG00000036781"
"181"	0.722153002486824	0.545234235545569	0.519	0.651	1	"1"	"ENSDNOG00000034943"
"182"	0.744324899212916	0.337155004237097	0.514	0.65	1	"1"	"ENSDNOG00000035200"
"183"	0.887579872826814	0.264560568037198	0.414	0.531	1	"1"	"ENSDNOG00000047421"
"184"	0.970162879860089	0.336671481348543	0.521	0.655	1	"1"	"ENSDNOG00000047826"
"185"	5.37871664343201e-92	5.04290143246558	0.253	0.282	2.68935832171601e-88	"2"	"ENSDNOG00000050474"
"186"	1.72705640656853e-66	0.386776487771563	0.487	0.357	8.63528203284266e-63	"2"	"ENSDNOG00000039946"
"187"	7.88782087584241e-58	4.62350682056471	0.524	0.357	3.94391043792121e-54	"2"	"ENSDNOG00000046642"
"188"	1.50041808863609e-51	0.485253490743986	0.796	0.658	7.50209044318045e-48	"2"	"ENSDNOG00000002285"
"189"	1.45656956783237e-38	0.295836104648082	0.298	0.28	7.28284783916184e-35	"2"	"ENSDNOG00000006577"
"190"	6.42493973494204e-37	8.48123256733798	0.261	0.224	3.21246986747102e-33	"2"	"ENSDNOG00000012857"
"191"	3.13797051231997e-26	0.795656347144619	0.502	0.373	1.56898525615999e-22	"2"	"ENSDNOG00000002935"
"192"	1.18924237792753e-22	0.335033982377236	0.278	0.161	5.94621188963766e-19	"2"	"ENSDNOG00000052127"
"193"	8.42141212686017e-18	7.63839825697833	0.257	0.197	4.21070606343008e-14	"2"	"ENSDNOG00000043330"
"194"	2.24304099710894e-16	1.97801435034614	0.629	0.497	1.12152049855447e-12	"2"	"ENSDNOG00000005585"
"195"	1.52748118148105e-11	1.61757541134485	0.285	0.234	7.63740590740524e-08	"2"	"ENSDNOG00000012970"
"196"	5.53207893896622e-10	13.2567212254103	0.307	0.204	2.76603946948311e-06	"2"	"ENSDNOG00000017244"
"197"	2.48363681118672e-09	0.448918592605128	0.488	0.38	1.24181840559336e-05	"2"	"ENSDNOG00000046967"
"198"	3.56417437742805e-07	14.6838947772837	0.446	0.348	0.00178208718871402	"2"	"ENSDNOG00000011547"
"199"	1.69828178093374e-06	2.3970401869813	0.444	0.386	0.00849140890466868	"2"	"ENSDNOG00000016498"
"200"	0.000118948523122729	5.55029021842939	0.483	0.389	0.594742615613647	"2"	"ENSDNOG00000039597"
"201"	0.000190827503447193	0.929833337173567	0.558	0.488	0.954137517235965	"2"	"ENSDNOG00000001746"
"202"	0.00308855289633522	2.33237116295561	0.654	0.546	1	"2"	"ENSDNOG00000019872"
"203"	0.0129792953147206	1.97549088365299	0.303	0.214	1	"2"	"ENSDNOG00000017905"
"204"	0.147720024600332	8.87797218430688	0.28	0.221	1	"2"	"ENSDNOG00000045714"
"205"	0.457017129677339	2.74166556495775	0.626	0.523	1	"2"	"ENSDNOG00000038474"
"206"	0.459054756798791	0.551168039559992	0.313	0.217	1	"2"	"ENSDNOG00000034989"
"207"	0	0.512781309597797	0.993	0.983	0	"3"	"ENSDNOG00000050106"
"208"	1.52633212896869e-197	0.515160871414226	0.883	0.901	7.63166064484347e-194	"3"	"ENSDNOG00000025237"
"209"	9.30404252603786e-158	0.363049609773603	0.191	0.403	4.65202126301893e-154	"3"	"ENSDNOG00000039274"
"210"	2.79936295707091e-152	0.279882328675867	0.969	0.971	1.39968147853546e-148	"3"	"ENSDNOG00000001344"
"211"	4.51411399707476e-147	0.437118595245923	0.209	0.44	2.25705699853738e-143	"3"	"ENSDNOG00000039946"
"212"	2.06833414631134e-139	0.626861847747032	0.311	0.543	1.03416707315567e-135	"3"	"ENSDNOG00000033687"
"213"	1.46862613042347e-120	0.487974719894633	0.244	0.437	7.34313065211737e-117	"3"	"ENSDNOG00000037101"
"214"	8.41911691117592e-100	0.455133315515733	0.182	0.321	4.20955845558796e-96	"3"	"ENSDNOG00000048210"
"215"	2.69422909037546e-98	0.303205444609385	0.414	0.62	1.34711454518773e-94	"3"	"ENSDNOG00000031755"
"216"	7.21058521131677e-94	0.250940785692629	0.447	0.65	3.60529260565838e-90	"3"	"ENSDNOG00000004109"
"217"	1.06777953675094e-86	1.01345870939395	0.218	0.36	5.33889768375472e-83	"3"	"ENSDNOG00000034692"
"218"	1.78268329224553e-69	0.50482950361556	0.674	0.739	8.91341646122765e-66	"3"	"ENSDNOG00000040689"
"219"	4.99486782083922e-67	0.31811563967476	0.443	0.62	2.49743391041961e-63	"3"	"ENSDNOG00000035272"
"220"	4.02232752152533e-62	0.383988924806702	0.798	0.837	2.01116376076267e-58	"3"	"ENSDNOG00000017128"
"221"	1.92439030147671e-56	0.278604104789602	0.47	0.638	9.62195150738355e-53	"3"	"ENSDNOG00000035355"
"222"	1.06987119057237e-53	0.283273988400734	0.678	0.688	5.34935595286187e-50	"3"	"ENSDNOG00000037287"
"223"	6.02241335289458e-52	0.354050406756068	0.409	0.586	3.01120667644729e-48	"3"	"ENSDNOG00000008080"
"224"	4.36058988824252e-48	0.785846998998634	0.464	0.658	2.18029494412126e-44	"3"	"ENSDNOG00000043741"
"225"	8.84855576261004e-48	0.399015689604513	0.164	0.329	4.42427788130502e-44	"3"	"ENSDNOG00000043411"
"226"	9.91058763316612e-45	0.265028314077375	0.52	0.701	4.95529381658306e-41	"3"	"ENSDNOG00000043328"
"227"	1.94239784433423e-44	0.370409531542874	0.744	0.826	9.71198922167115e-41	"3"	"ENSDNOG00000035525"
"228"	5.79698630627862e-33	0.421396828393389	0.69	0.74	2.89849315313931e-29	"3"	"ENSDNOG00000030939"
"229"	2.09855576078714e-30	0.262390064945651	0.807	0.88	1.04927788039357e-26	"3"	"ENSDNOG00000011425"
"230"	1.68155507029595e-24	0.355441767367315	0.445	0.647	8.40777535147973e-21	"3"	"ENSDNOG00000008908"
"231"	2.33409968060881e-24	0.327640306023661	0.363	0.543	1.1670498403044e-20	"3"	"ENSDNOG00000045388"
"232"	5.49587136226717e-22	0.309398358725991	0.464	0.653	2.74793568113359e-18	"3"	"ENSDNOG00000046252"
"233"	5.12193820638195e-21	0.270136540292263	0.25	0.32	2.56096910319098e-17	"3"	"ENSDNOG00000037668"
"234"	1.26311011646862e-13	0.507941228892089	0.586	0.713	6.3155505823431e-10	"3"	"ENSDNOG00000052091"
"235"	5.35016377032843e-13	0.323557061382665	0.625	0.767	2.67508188516422e-09	"3"	"ENSDNOG00000004997"
"236"	2.47776170631357e-12	0.303273435524593	0.623	0.768	1.23888085315678e-08	"3"	"ENSDNOG00000009313"
"237"	4.22486462406889e-12	0.444957089649428	0.596	0.671	2.11243231203445e-08	"3"	"ENSDNOG00000048886"
"238"	1.24266804422767e-10	0.328385779145124	0.508	0.703	6.21334022113836e-07	"3"	"ENSDNOG00000018450"
"239"	9.8286794907983e-08	0.333475109191962	0.55	0.725	0.000491433974539915	"3"	"ENSDNOG00000033138"
"240"	3.01581788665829e-07	1.61795928970837	0.146	0.271	0.00150790894332914	"3"	"ENSDNOG00000015699"
"241"	1.43755183526762e-05	3.11054804894899	0.294	0.451	0.0718775917633809	"3"	"ENSDNOG00000034880"
"242"	3.40905261635258e-05	0.694340155899831	0.495	0.679	0.170452630817629	"3"	"ENSDNOG00000025666"
"243"	0.000387793716029231	0.32429333954672	0.304	0.409	1	"3"	"ENSDNOG00000033427"
"244"	0.0010116443745321	0.441976766368367	0.589	0.672	1	"3"	"ENSDNOG00000040748"
"245"	0.0010694352476141	0.394729306657649	0.619	0.726	1	"3"	"ENSDNOG00000040794"
"246"	0.00441236024997627	0.394114602698258	0.535	0.679	1	"3"	"ENSDNOG00000032505"
"247"	0.00665617001175607	0.344552385161203	0.637	0.76	1	"3"	"ENSDNOG00000037384"
"248"	0.0341624222009893	0.280675973667033	0.23	0.37	1	"3"	"ENSDNOG00000036658"
"249"	0.0775192405921818	0.258747180960567	0.619	0.75	1	"3"	"ENSDNOG00000009066"
"250"	0.133155933524657	0.321202200153419	0.595	0.735	1	"3"	"ENSDNOG00000020033"
"251"	0.650057196053634	0.497365261048179	0.33	0.44	1	"3"	"ENSDNOG00000032116"
